Date,Load_MW
2018-01-01,29988.0
2018-01-02,29989.0
2018-01-03,29020.0
2018-01-04,28761.0
2018-01-05,29648.0
2018-01-06,24601.0
2018-01-07,26348.0
2018-01-08,30050.0
2018-01-09,31505.0
2018-01-10,30123.0
2018-01-11,29702.0
2018-01-12,30333.0
2018-01-13,24454.0
2018-01-14,26659.0
2018-01-15,32348.0
2018-01-16,30410.0
2018-01-17,29193.0
2018-01-18,30120.0
2018-01-19,30022.0
2018-01-20,25668.0
2018-01-21,25906.0
2018-01-22,29565.0
2018-01-23,29541.0
2018-01-24,30403.0
2018-01-25,29606.0
2018-01-26,30301.0
2018-01-27,26348.0
2018-01-28,25130.0
2018-01-29,31496.0
2018-01-30,31105.0
2018-01-31,30645.0
2018-02-01,29429.0
2018-02-02,31460.0
2018-02-03,25451.0
2018-02-04,27624.0
2018-02-05,30128.0
2018-02-06,29983.0
2018-02-07,30135.0
2018-02-08,29653.0
2018-02-09,29454.0
2018-02-10,24047.0
2018-02-11,26156.0
2018-02-12,30096.0
2018-02-13,28133.0
2018-02-14,30744.0
2018-02-15,31403.0
2018-02-16,29557.0
2018-02-17,26171.0
2018-02-18,25741.0
2018-02-19,29227.0
2018-02-20,28805.0
2018-02-21,30683.0
2018-02-22,30067.0
2018-02-23,29712.0
2018-02-24,24050.0
2018-02-25,26381.0
2018-02-26,28579.0
2018-02-27,29559.0
2018-02-28,31263.0
2018-03-01,29880.0
2018-03-02,29425.0
2018-03-03,25892.0
2018-03-04,24705.0
2018-03-05,29936.0
2018-03-06,29171.0
2018-03-07,29464.0
2018-03-08,29972.0
2018-03-09,29411.0
2018-03-10,26414.0
2018-03-11,24854.0
2018-03-12,29238.0
2018-03-13,27243.0
2018-03-14,27944.0
2018-03-15,28610.0
2018-03-16,28852.0
2018-03-17,23692.0
2018-03-18,24793.0
2018-03-19,28975.0
2018-03-20,26984.0
2018-03-21,27934.0
2018-03-22,27218.0
2018-03-23,28361.0
2018-03-24,25587.0
2018-03-25,23410.0
2018-03-26,27376.0
2018-03-27,28141.0
2018-03-28,28424.0
2018-03-29,26244.0
2018-03-30,28385.0
2018-03-31,23325.0
2018-04-01,22895.0
2018-04-02,27475.0
2018-04-03,26184.0
2018-04-04,27783.0
2018-04-05,26729.0
2018-04-06,27402.0
2018-04-07,22625.0
2018-04-08,24844.0
2018-04-09,27328.0
2018-04-10,26209.0
2018-04-11,26455.0
2018-04-12,27544.0
2018-04-13,26964.0
2018-04-14,22484.0
2018-04-15,21209.0
2018-04-16,25311.0
2018-04-17,25694.0
2018-04-18,27147.0
2018-04-19,26148.0
2018-04-20,25700.0
2018-04-21,22165.0
2018-04-22,21834.0
2018-04-23,25742.0
2018-04-24,24897.0
2018-04-25,25194.0
2018-04-26,24577.0
2018-04-27,25840.0
2018-04-28,21658.0
2018-04-29,22270.0
2018-04-30,23424.0
2018-05-01,26129.0
2018-05-02,25573.0
2018-05-03,25418.0
2018-05-04,25363.0
2018-05-05,22109.0
2018-05-06,22911.0
2018-05-07,24796.0
2018-05-08,26890.0
2018-05-09,25132.0
2018-05-10,24697.0
2018-05-11,26555.0
2018-05-12,21299.0
2018-05-13,20980.0
2018-05-14,22466.0
2018-05-15,26354.0
2018-05-16,24216.0
2018-05-17,25052.0
2018-05-18,24149.0
2018-05-19,21270.0
2018-05-20,20583.0
2018-05-21,24167.0
2018-05-22,23846.0
2018-05-23,24289.0
2018-05-24,24158.0
2018-05-25,23721.0
2018-05-26,19875.0
2018-05-27,19392.0
2018-05-28,22725.0
2018-05-29,23878.0
2018-05-30,24262.0
2018-05-31,23095.0
2018-06-01,26305.0
2018-06-02,22254.0
2018-06-03,20444.0
2018-06-04,25738.0
2018-06-05,24743.0
2018-06-06,23640.0
2018-06-07,25835.0
2018-06-08,23666.0
2018-06-09,20730.0
2018-06-10,19741.0
2018-06-11,23996.0
2018-06-12,24762.0
2018-06-13,24022.0
2018-06-14,22883.0
2018-06-15,24526.0
2018-06-16,21315.0
2018-06-17,18880.0
2018-06-18,23980.0
2018-06-19,23032.0
2018-06-20,24690.0
2018-06-21,23145.0
2018-06-22,24195.0
2018-06-23,19703.0
2018-06-24,20623.0
2018-06-25,24195.0
2018-06-26,24997.0
2018-06-27,23034.0
2018-06-28,23867.0
2018-06-29,23983.0
2018-06-30,20279.0
2018-07-01,21038.0
2018-07-02,24567.0
2018-07-03,25211.0
2018-07-04,25271.0
2018-07-05,25592.0
2018-07-06,25612.0
2018-07-07,21914.0
2018-07-08,21824.0
2018-07-09,26293.0
2018-07-10,25116.0
2018-07-11,24193.0
2018-07-12,25714.0
2018-07-13,25594.0
2018-07-14,21271.0
2018-07-15,21786.0
2018-07-16,26219.0
2018-07-17,24847.0
2018-07-18,24939.0
2018-07-19,25801.0
2018-07-20,25046.0
2018-07-21,22530.0
2018-07-22,19695.0
2018-07-23,25630.0
2018-07-24,26042.0
2018-07-25,24448.0
2018-07-26,26085.0
2018-07-27,25544.0
2018-07-28,21061.0
2018-07-29,21015.0
2018-07-30,24295.0
2018-07-31,25374.0
2018-08-01,23997.0
2018-08-02,22472.0
2018-08-03,24165.0
2018-08-04,20124.0
2018-08-05,22516.0
2018-08-06,24439.0
2018-08-07,24833.0
2018-08-08,24665.0
2018-08-09,24356.0
2018-08-10,24275.0
2018-08-11,20557.0
2018-08-12,19510.0
2018-08-13,25130.0
2018-08-14,23635.0
2018-08-15,23767.0
2018-08-16,25090.0
2018-08-17,24628.0
2018-08-18,20582.0
2018-08-19,21448.0
2018-08-20,24950.0
2018-08-21,25592.0
2018-08-22,24094.0
2018-08-23,24557.0
2018-08-24,25398.0
2018-08-25,21886.0
2018-08-26,22292.0
2018-08-27,24818.0
2018-08-28,24950.0
2018-08-29,25720.0
2018-08-30,25593.0
2018-08-31,25540.0
2018-09-01,20875.0
2018-09-02,19986.0
2018-09-03,24289.0
2018-09-04,24095.0
2018-09-05,24182.0
2018-09-06,24194.0
2018-09-07,22552.0
2018-09-08,19555.0
2018-09-09,20969.0
2018-09-10,24693.0
2018-09-11,23836.0
2018-09-12,24763.0
2018-09-13,24512.0
2018-09-14,24414.0
2018-09-15,20502.0
2018-09-16,21988.0
2018-09-17,24416.0
2018-09-18,24534.0
2018-09-19,23362.0
2018-09-20,26619.0
2018-09-21,26830.0
2018-09-22,23356.0
2018-09-23,21144.0
2018-09-24,25594.0
2018-09-25,25828.0
2018-09-26,27679.0
2018-09-27,23450.0
2018-09-28,25947.0
2018-09-29,22109.0
2018-09-30,22298.0
2018-10-01,26184.0
2018-10-02,26642.0
2018-10-03,25211.0
2018-10-04,26533.0
2018-10-05,25154.0
2018-10-06,20267.0
2018-10-07,22420.0
2018-10-08,26342.0
2018-10-09,26025.0
2018-10-10,26187.0
2018-10-11,25804.0
2018-10-12,28919.0
2018-10-13,22288.0
2018-10-14,23701.0
2018-10-15,25985.0
2018-10-16,27598.0
2018-10-17,27822.0
2018-10-18,27274.0
2018-10-19,27322.0
2018-10-20,20740.0
2018-10-21,23049.0
2018-10-22,25938.0
2018-10-23,28165.0
2018-10-24,27965.0
2018-10-25,28619.0
2018-10-26,29234.0
2018-10-27,22773.0
2018-10-28,23529.0
2018-10-29,27813.0
2018-10-30,29853.0
2018-10-31,27936.0
2018-11-01,27000.0
2018-11-02,28027.0
2018-11-03,24691.0
2018-11-04,23800.0
2018-11-05,28364.0
2018-11-06,27674.0
2018-11-07,28473.0
2018-11-08,29552.0
2018-11-09,29646.0
2018-11-10,25232.0
2018-11-11,25521.0
2018-11-12,30088.0
2018-11-13,28925.0
2018-11-14,28504.0
2018-11-15,29810.0
2018-11-16,29883.0
2018-11-17,24569.0
2018-11-18,23344.0
2018-11-19,28052.0
2018-11-20,29665.0
2018-11-21,29538.0
2018-11-22,29211.0
2018-11-23,30488.0
2018-11-24,24745.0
2018-11-25,25674.0
2018-11-26,29522.0
2018-11-27,30105.0
2018-11-28,31096.0
2018-11-29,30261.0
2018-11-30,29670.0
2018-12-01,25605.0
2018-12-02,25715.0
2018-12-03,29945.0
2018-12-04,30084.0
2018-12-05,28814.0
2018-12-06,29948.0
2018-12-07,30682.0
2018-12-08,26449.0
2018-12-09,26464.0
2018-12-10,30964.0
2018-12-11,30331.0
2018-12-12,29670.0
2018-12-13,31019.0
2018-12-14,30269.0
2018-12-15,26578.0
2018-12-16,27261.0
2018-12-17,31258.0
2018-12-18,30222.0
2018-12-19,30011.0
2018-12-20,31057.0
2018-12-21,30673.0
2018-12-22,27684.0
2018-12-23,26615.0
2018-12-24,31257.0
2018-12-25,31792.0
2018-12-26,31540.0
2018-12-27,31673.0
2018-12-28,31504.0
2018-12-29,26905.0
2018-12-30,26633.0
2018-12-31,29795.0
2019-01-01,30925.0
2019-01-02,30730.0
2019-01-03,31074.0
2019-01-04,33018.0
2019-01-05,26027.0
2019-01-06,26779.0
2019-01-07,32100.0
2019-01-08,29787.0
2019-01-09,30613.0
2019-01-10,29793.0
2019-01-11,30663.0
2019-01-12,26273.0
2019-01-13,26618.0
2019-01-14,30692.0
2019-01-15,30380.0
2019-01-16,32349.0
2019-01-17,30843.0
2019-01-18,30393.0
2019-01-19,25809.0
2019-01-20,26519.0
2019-01-21,32670.0
2019-01-22,31041.0
2019-01-23,30860.0
2019-01-24,30754.0
2019-01-25,30546.0
2019-01-26,26499.0
2019-01-27,27130.0
2019-01-28,31174.0
2019-01-29,29727.0
2019-01-30,30196.0
2019-01-31,29602.0
2019-02-01,29364.0
2019-02-02,26103.0
2019-02-03,25397.0
2019-02-04,29797.0
2019-02-05,30856.0
2019-02-06,30450.0
2019-02-07,30708.0
2019-02-08,30071.0
2019-02-09,26118.0
2019-02-10,25502.0
2019-02-11,29599.0
2019-02-12,29055.0
2019-02-13,30768.0
2019-02-14,29341.0
2019-02-15,28570.0
2019-02-16,24915.0
2019-02-17,25085.0
2019-02-18,29736.0
2019-02-19,28533.0
2019-02-20,28829.0
2019-02-21,30393.0
2019-02-22,28974.0
2019-02-23,25772.0
2019-02-24,25588.0
2019-02-25,30870.0
2019-02-26,29144.0
2019-02-27,29810.0
2019-02-28,30850.0
2019-03-01,28694.0
2019-03-02,25347.0
2019-03-03,25378.0
2019-03-04,27870.0
2019-03-05,29377.0
2019-03-06,28243.0
2019-03-07,28847.0
2019-03-08,28667.0
2019-03-09,24126.0
2019-03-10,24455.0
2019-03-11,28479.0
2019-03-12,28157.0
2019-03-13,27761.0
2019-03-14,28271.0
2019-03-15,28574.0
2019-03-16,25038.0
2019-03-17,23509.0
2019-03-18,27841.0
2019-03-19,27318.0
2019-03-20,27622.0
2019-03-21,26436.0
2019-03-22,27430.0
2019-03-23,23682.0
2019-03-24,22839.0
2019-03-25,26063.0
2019-03-26,26411.0
2019-03-27,26257.0
2019-03-28,27764.0
2019-03-29,26132.0
2019-03-30,21412.0
2019-03-31,22437.0
2019-04-01,25732.0
2019-04-02,24676.0
2019-04-03,25630.0
2019-04-04,25724.0
2019-04-05,26241.0
2019-04-06,21374.0
2019-04-07,20894.0
2019-04-08,25220.0
2019-04-09,26218.0
2019-04-10,26881.0
2019-04-11,25932.0
2019-04-12,26488.0
2019-04-13,22321.0
2019-04-14,22152.0
2019-04-15,25542.0
2019-04-16,24970.0
2019-04-17,23639.0
2019-04-18,23929.0
2019-04-19,24711.0
2019-04-20,20639.0
2019-04-21,20117.0
2019-04-22,24756.0
2019-04-23,24419.0
2019-04-24,25032.0
2019-04-25,24334.0
2019-04-26,24761.0
2019-04-27,20338.0
2019-04-28,21144.0
2019-04-29,22730.0
2019-04-30,22703.0
2019-05-01,23524.0
2019-05-02,23938.0
2019-05-03,22848.0
2019-05-04,20065.0
2019-05-05,20678.0
2019-05-06,23668.0
2019-05-07,24535.0
2019-05-08,24560.0
2019-05-09,21780.0
2019-05-10,23537.0
2019-05-11,20329.0
2019-05-12,18155.0
2019-05-13,24440.0
2019-05-14,21361.0
2019-05-15,24503.0
2019-05-16,23863.0
2019-05-17,22185.0
2019-05-18,20030.0
2019-05-19,19731.0
2019-05-20,23504.0
2019-05-21,22298.0
2019-05-22,22402.0
2019-05-23,21007.0
2019-05-24,20481.0
2019-05-25,18065.0
2019-05-26,19256.0
2019-05-27,21776.0
2019-05-28,21884.0
2019-05-29,20318.0
2019-05-30,21316.0
2019-05-31,20174.0
2019-06-01,18696.0
2019-06-02,18631.0
2019-06-03,21292.0
2019-06-04,22611.0
2019-06-05,23224.0
2019-06-06,22123.0
2019-06-07,21118.0
2019-06-08,19995.0
2019-06-09,19314.0
2019-06-10,20541.0
2019-06-11,22351.0
2019-06-12,20394.0
2019-06-13,21123.0
2019-06-14,21575.0
2019-06-15,17293.0
2019-06-16,18486.0
2019-06-17,22048.0
2019-06-18,23139.0
2019-06-19,19932.0
2019-06-20,20457.0
2019-06-21,21379.0
2019-06-22,18771.0
2019-06-23,18324.0
2019-06-24,22379.0
2019-06-25,21276.0
2019-06-26,21193.0
2019-06-27,20323.0
2019-06-28,20380.0
2019-06-29,17365.0
2019-06-30,17612.0
2019-07-01,20461.0
2019-07-02,21372.0
2019-07-03,23750.0
2019-07-04,21287.0
2019-07-05,23397.0
2019-07-06,17166.0
2019-07-07,18762.0
2019-07-08,21390.0
2019-07-09,20138.0
2019-07-10,22768.0
2019-07-11,20056.0
2019-07-12,22353.0
2019-07-13,19935.0
2019-07-14,17048.0
2019-07-15,22844.0
2019-07-16,20926.0
2019-07-17,21914.0
2019-07-18,21779.0
2019-07-19,22054.0
2019-07-20,19172.0
2019-07-21,18840.0
2019-07-22,21796.0
2019-07-23,22166.0
2019-07-24,20964.0
2019-07-25,22225.0
2019-07-26,21309.0
2019-07-27,19207.0
2019-07-28,18574.0
2019-07-29,22286.0
2019-07-30,20673.0
2019-07-31,21068.0
2019-08-01,19472.0
2019-08-02,20600.0
2019-08-03,18101.0
2019-08-04,16768.0
2019-08-05,21863.0
2019-08-06,20944.0
2019-08-07,19723.0
2019-08-08,19525.0
2019-08-09,20393.0
2019-08-10,16433.0
2019-08-11,18542.0
2019-08-12,20133.0
2019-08-13,20429.0
2019-08-14,19598.0
2019-08-15,22948.0
2019-08-16,20027.0
2019-08-17,16833.0
2019-08-18,19298.0
2019-08-19,21416.0
2019-08-20,20050.0
2019-08-21,20366.0
2019-08-22,22328.0
2019-08-23,21713.0
2019-08-24,18442.0
2019-08-25,18320.0
2019-08-26,21372.0
2019-08-27,21605.0
2019-08-28,21926.0
2019-08-29,21212.0
2019-08-30,21151.0
2019-08-31,18456.0
2019-09-01,16655.0
2019-09-02,19754.0
2019-09-03,20257.0
2019-09-04,18789.0
2019-09-05,21480.0
2019-09-06,18262.0
2019-09-07,18273.0
2019-09-08,17993.0
2019-09-09,20422.0
2019-09-10,19739.0
2019-09-11,20644.0
2019-09-12,21595.0
2019-09-13,19737.0
2019-09-14,17261.0
2019-09-15,19047.0
2019-09-16,19288.0
2019-09-17,20913.0
2019-09-18,21166.0
2019-09-19,22353.0
2019-09-20,22400.0
2019-09-21,17495.0
2019-09-22,19660.0
2019-09-23,20381.0
2019-09-24,21955.0
2019-09-25,20613.0
2019-09-26,22123.0
2019-09-27,22760.0
2019-09-28,19825.0
2019-09-29,17912.0
2019-09-30,21892.0
2019-10-01,22874.0
2019-10-02,22473.0
2019-10-03,20310.0
2019-10-04,23067.0
2019-10-05,19743.0
2019-10-06,18880.0
2019-10-07,22278.0
2019-10-08,22428.0
2019-10-09,21979.0
2019-10-10,23467.0
2019-10-11,22349.0
2019-10-12,19820.0
2019-10-13,20573.0
2019-10-14,21482.0
2019-10-15,23783.0
2019-10-16,23146.0
2019-10-17,23480.0
2019-10-18,22448.0
2019-10-19,18803.0
2019-10-20,20733.0
2019-10-21,22887.0
2019-10-22,23071.0
2019-10-23,24206.0
2019-10-24,23965.0
2019-10-25,24466.0
2019-10-26,19414.0
2019-10-27,20645.0
2019-10-28,25034.0
2019-10-29,24287.0
2019-10-30,24213.0
2019-10-31,22550.0
2019-11-01,23490.0
2019-11-02,21248.0
2019-11-03,19682.0
2019-11-04,26163.0
2019-11-05,25413.0
2019-11-06,24763.0
2019-11-07,26702.0
2019-11-08,26117.0
2019-11-09,20875.0
2019-11-10,22774.0
2019-11-11,24926.0
2019-11-12,25254.0
2019-11-13,24875.0
2019-11-14,25803.0
2019-11-15,26633.0
2019-11-16,21269.0
2019-11-17,21106.0
2019-11-18,26378.0
2019-11-19,26003.0
2019-11-20,25793.0
2019-11-21,26084.0
2019-11-22,26534.0
2019-11-23,21582.0
2019-11-24,22398.0
2019-11-25,25379.0
2019-11-26,26068.0
2019-11-27,26156.0
2019-11-28,27027.0
2019-11-29,26140.0
2019-11-30,21889.0
2019-12-01,22754.0
2019-12-02,27271.0
2019-12-03,26512.0
2019-12-04,26185.0
2019-12-05,26852.0
2019-12-06,26813.0
2019-12-07,23744.0
2019-12-08,23900.0
2019-12-09,26966.0
2019-12-10,28497.0
2019-12-11,26998.0
2019-12-12,26767.0
2019-12-13,26735.0
2019-12-14,22439.0
2019-12-15,23212.0
2019-12-16,28283.0
2019-12-17,26390.0
2019-12-18,27376.0
2019-12-19,28122.0
2019-12-20,28485.0
2019-12-21,23102.0
2019-12-22,23075.0
2019-12-23,28254.0
2019-12-24,26546.0
2019-12-25,28198.0
2019-12-26,26285.0
2019-12-27,27730.0
2019-12-28,25494.0
2019-12-29,23851.0
2019-12-30,26835.0
2019-12-31,27641.0
2020-01-01,28443.0
2020-01-02,29480.0
2020-01-03,26615.0
2020-01-04,24593.0
2020-01-05,24454.0
2020-01-06,27572.0
2020-01-07,28783.0
2020-01-08,28409.0
2020-01-09,28372.0
2020-01-10,28428.0
2020-01-11,24637.0
2020-01-12,22091.0
2020-01-13,28128.0
2020-01-14,27672.0
2020-01-15,28413.0
2020-01-16,27500.0
2020-01-17,27161.0
2020-01-18,23066.0
2020-01-19,24752.0
2020-01-20,29012.0
2020-01-21,28451.0
2020-01-22,27955.0
2020-01-23,28544.0
2020-01-24,27478.0
2020-01-25,22478.0
2020-01-26,24204.0
2020-01-27,27686.0
2020-01-28,28370.0
2020-01-29,26965.0
2020-01-30,27913.0
2020-01-31,29272.0
2020-02-01,23416.0
2020-02-02,22515.0
2020-02-03,28898.0
2020-02-04,28785.0
2020-02-05,28141.0
2020-02-06,29392.0
2020-02-07,28146.0
2020-02-08,22903.0
2020-02-09,22610.0
2020-02-10,28159.0
2020-02-11,27934.0
2020-02-12,25922.0
2020-02-13,28387.0
2020-02-14,28982.0
2020-02-15,24085.0
2020-02-16,23533.0
2020-02-17,27167.0
2020-02-18,28108.0
2020-02-19,26551.0
2020-02-20,27883.0
2020-02-21,25664.0
2020-02-22,24361.0
2020-02-23,23163.0
2020-02-24,27573.0
2020-02-25,26329.0
2020-02-26,25562.0
2020-02-27,26937.0
2020-02-28,27174.0
2020-02-29,22125.0
2020-03-01,21934.0
2020-03-02,28332.0
2020-03-03,26939.0
2020-03-04,27520.0
2020-03-05,26983.0
2020-03-06,27008.0
2020-03-07,22635.0
2020-03-08,20978.0
2020-03-09,26897.0
2020-03-10,25297.0
2020-03-11,25806.0
2020-03-12,26875.0
2020-03-13,26396.0
2020-03-14,20696.0
2020-03-15,21968.0
2020-03-16,26581.0
2020-03-17,26197.0
2020-03-18,25353.0
2020-03-19,24740.0
2020-03-20,25430.0
2020-03-21,21725.0
2020-03-22,21523.0
2020-03-23,26165.0
2020-03-24,26689.0
2020-03-25,25854.0
2020-03-26,25806.0
2020-03-27,24582.0
2020-03-28,22080.0
2020-03-29,21435.0
2020-03-30,25210.0
2020-03-31,25132.0
2020-04-01,26581.0
2020-04-02,23689.0
2020-04-03,23975.0
2020-04-04,22037.0
2020-04-05,21089.0
2020-04-06,25043.0
2020-04-07,25009.0
2020-04-08,23561.0
2020-04-09,24737.0
2020-04-10,24690.0
2020-04-11,21100.0
2020-04-12,20818.0
2020-04-13,23223.0
2020-04-14,23806.0
2020-04-15,25187.0
2020-04-16,24535.0
2020-04-17,22939.0
2020-04-18,19379.0
2020-04-19,20632.0
2020-04-20,23393.0
2020-04-21,24893.0
2020-04-22,24217.0
2020-04-23,23622.0
2020-04-24,23945.0
2020-04-25,19745.0
2020-04-26,18749.0
2020-04-27,22783.0
2020-04-28,21543.0
2020-04-29,24298.0
2020-04-30,22759.0
2020-05-01,22080.0
2020-05-02,18841.0
2020-05-03,20838.0
2020-05-04,23501.0
2020-05-05,24240.0
2020-05-06,21590.0
2020-05-07,23917.0
2020-05-08,23437.0
2020-05-09,19445.0
2020-05-10,19364.0
2020-05-11,22597.0
2020-05-12,22941.0
2020-05-13,23207.0
2020-05-14,21825.0
2020-05-15,22282.0
2020-05-16,17828.0
2020-05-17,19456.0
2020-05-18,21736.0
2020-05-19,21357.0
2020-05-20,21865.0
2020-05-21,21658.0
2020-05-22,21715.0
2020-05-23,19504.0
2020-05-24,18492.0
2020-05-25,21578.0
2020-05-26,22288.0
2020-05-27,21032.0
2020-05-28,22006.0
2020-05-29,22755.0
2020-05-30,18384.0
2020-05-31,18555.0
2020-06-01,23441.0
2020-06-02,22934.0
2020-06-03,21894.0
2020-06-04,20886.0
2020-06-05,20650.0
2020-06-06,18145.0
2020-06-07,19749.0
2020-06-08,22417.0
2020-06-09,22554.0
2020-06-10,24190.0
2020-06-11,21465.0
2020-06-12,22107.0
2020-06-13,18525.0
2020-06-14,18411.0
2020-06-15,21202.0
2020-06-16,24493.0
2020-06-17,22934.0
2020-06-18,23067.0
2020-06-19,21340.0
2020-06-20,17937.0
2020-06-21,18931.0
2020-06-22,21654.0
2020-06-23,21767.0
2020-06-24,22457.0
2020-06-25,21571.0
2020-06-26,22238.0
2020-06-27,20289.0
2020-06-28,18614.0
2020-06-29,20780.0
2020-06-30,22215.0
2020-07-01,23597.0
2020-07-02,23170.0
2020-07-03,22763.0
2020-07-04,18519.0
2020-07-05,18023.0
2020-07-06,21452.0
2020-07-07,22168.0
2020-07-08,21917.0
2020-07-09,23076.0
2020-07-10,22300.0
2020-07-11,17959.0
2020-07-12,20048.0
2020-07-13,21036.0
2020-07-14,22467.0
2020-07-15,24214.0
2020-07-16,23203.0
2020-07-17,22861.0
2020-07-18,20399.0
2020-07-19,19801.0
2020-07-20,23207.0
2020-07-21,23095.0
2020-07-22,22356.0
2020-07-23,22685.0
2020-07-24,24175.0
2020-07-25,21719.0
2020-07-26,19753.0
2020-07-27,23642.0
2020-07-28,23744.0
2020-07-29,23273.0
2020-07-30,23576.0
2020-07-31,23250.0
2020-08-01,20065.0
2020-08-02,20747.0
2020-08-03,22317.0
2020-08-04,23041.0
2020-08-05,22562.0
2020-08-06,22526.0
2020-08-07,21093.0
2020-08-08,19857.0
2020-08-09,19362.0
2020-08-10,23545.0
2020-08-11,22962.0
2020-08-12,20534.0
2020-08-13,22729.0
2020-08-14,22882.0
2020-08-15,19036.0
2020-08-16,20353.0
2020-08-17,23678.0
2020-08-18,22533.0
2020-08-19,23930.0
2020-08-20,22564.0
2020-08-21,22773.0
2020-08-22,18035.0
2020-08-23,19970.0
2020-08-24,23597.0
2020-08-25,24290.0
2020-08-26,22893.0
2020-08-27,23498.0
2020-08-28,23310.0
2020-08-29,20051.0
2020-08-30,21300.0
2020-08-31,24165.0
2020-09-01,23640.0
2020-09-02,23580.0
2020-09-03,23056.0
2020-09-04,23747.0
2020-09-05,19766.0
2020-09-06,19763.0
2020-09-07,22232.0
2020-09-08,22726.0
2020-09-09,23252.0
2020-09-10,24848.0
2020-09-11,23609.0
2020-09-12,19974.0
2020-09-13,20447.0
2020-09-14,23103.0
2020-09-15,23541.0
2020-09-16,25392.0
2020-09-17,24598.0
2020-09-18,24739.0
2020-09-19,22153.0
2020-09-20,20014.0
2020-09-21,24986.0
2020-09-22,24857.0
2020-09-23,24120.0
2020-09-24,25590.0
2020-09-25,24890.0
2020-09-26,21757.0
2020-09-27,19863.0
2020-09-28,25425.0
2020-09-29,25607.0
2020-09-30,25246.0
2020-10-01,24901.0
2020-10-02,25595.0
2020-10-03,21410.0
2020-10-04,21693.0
2020-10-05,25586.0
2020-10-06,24591.0
2020-10-07,25205.0
2020-10-08,27480.0
2020-10-09,26137.0
2020-10-10,20949.0
2020-10-11,23647.0
2020-10-12,26439.0
2020-10-13,26464.0
2020-10-14,25727.0
2020-10-15,24968.0
2020-10-16,25854.0
2020-10-17,21012.0
2020-10-18,22210.0
2020-10-19,26451.0
2020-10-20,27761.0
2020-10-21,26847.0
2020-10-22,26538.0
2020-10-23,25937.0
2020-10-24,24664.0
2020-10-25,23476.0
2020-10-26,26792.0
2020-10-27,27334.0
2020-10-28,27512.0
2020-10-29,27200.0
2020-10-30,28346.0
2020-10-31,24504.0
2020-11-01,23859.0
2020-11-02,25864.0
2020-11-03,28277.0
2020-11-04,27841.0
2020-11-05,27001.0
2020-11-06,28067.0
2020-11-07,23010.0
2020-11-08,24305.0
2020-11-09,27319.0
2020-11-10,29519.0
2020-11-11,28639.0
2020-11-12,27501.0
2020-11-13,28583.0
2020-11-14,24735.0
2020-11-15,23843.0
2020-11-16,30053.0
2020-11-17,28807.0
2020-11-18,29571.0
2020-11-19,28525.0
2020-11-20,28429.0
2020-11-21,26154.0
2020-11-22,24441.0
2020-11-23,30613.0
2020-11-24,28199.0
2020-11-25,29964.0
2020-11-26,30566.0
2020-11-27,30323.0
2020-11-28,25914.0
2020-11-29,25969.0
2020-11-30,31009.0
2020-12-01,30312.0
2020-12-02,31697.0
2020-12-03,30948.0
2020-12-04,30383.0
2020-12-05,26282.0
2020-12-06,25202.0
2020-12-07,30812.0
2020-12-08,29950.0
2020-12-09,31345.0
2020-12-10,30802.0
2020-12-11,31290.0
2020-12-12,25543.0
2020-12-13,25480.0
2020-12-14,31858.0
2020-12-15,31202.0
2020-12-16,31028.0
2020-12-17,31690.0
2020-12-18,30741.0
2020-12-19,26924.0
2020-12-20,27346.0
2020-12-21,30490.0
2020-12-22,30665.0
2020-12-23,31282.0
2020-12-24,31048.0
2020-12-25,30354.0
2020-12-26,26634.0
2020-12-27,26698.0
2020-12-28,30020.0
2020-12-29,31225.0
2020-12-30,32468.0
2020-12-31,32938.0
2021-01-01,31944.0
2021-01-02,27569.0
2021-01-03,25422.0
2021-01-04,31249.0
2021-01-05,31113.0
2021-01-06,31628.0
2021-01-07,31437.0
2021-01-08,31960.0
2021-01-09,27060.0
2021-01-10,26557.0
2021-01-11,32328.0
2021-01-12,30825.0
2021-01-13,31525.0
2021-01-14,31510.0
2021-01-15,33715.0
2021-01-16,27151.0
2021-01-17,27136.0
2021-01-18,31076.0
2021-01-19,32787.0
2021-01-20,32724.0
2021-01-21,33097.0
2021-01-22,32524.0
2021-01-23,26145.0
2021-01-24,27302.0
2021-01-25,32086.0
2021-01-26,32449.0
2021-01-27,33413.0
2021-01-28,31409.0
2021-01-29,32736.0
2021-01-30,25996.0
2021-01-31,28074.0
2021-02-01,31098.0
2021-02-02,32327.0
2021-02-03,31531.0
2021-02-04,30581.0
2021-02-05,30720.0
2021-02-06,25834.0
2021-02-07,28016.0
2021-02-08,31639.0
2021-02-09,33115.0
2021-02-10,30719.0
2021-02-11,29820.0
2021-02-12,29784.0
2021-02-13,27392.0
2021-02-14,25894.0
2021-02-15,31078.0
2021-02-16,31190.0
2021-02-17,30751.0
2021-02-18,31127.0
2021-02-19,31802.0
2021-02-20,25847.0
2021-02-21,24627.0
2021-02-22,30328.0
2021-02-23,31019.0
2021-02-24,32070.0
2021-02-25,31357.0
2021-02-26,29478.0
2021-02-27,25700.0
2021-02-28,26076.0
2021-03-01,31012.0
2021-03-02,30904.0
2021-03-03,31165.0
2021-03-04,30686.0
2021-03-05,29532.0
2021-03-06,25797.0
2021-03-07,24354.0
2021-03-08,31091.0
2021-03-09,30274.0
2021-03-10,31987.0
2021-03-11,30139.0
2021-03-12,29678.0
2021-03-13,24914.0
2021-03-14,25858.0
2021-03-15,28990.0
2021-03-16,28288.0
2021-03-17,28857.0
2021-03-18,28765.0
2021-03-19,29769.0
2021-03-20,25047.0
2021-03-21,24517.0
2021-03-22,28295.0
2021-03-23,28722.0
2021-03-24,28903.0
2021-03-25,30289.0
2021-03-26,27660.0
2021-03-27,23868.0
2021-03-28,23250.0
2021-03-29,29374.0
2021-03-30,27661.0
2021-03-31,27194.0
2021-04-01,27362.0
2021-04-02,28952.0
2021-04-03,24393.0
2021-04-04,23838.0
2021-04-05,27350.0
2021-04-06,28108.0
2021-04-07,28660.0
2021-04-08,26698.0
2021-04-09,27197.0
2021-04-10,24880.0
2021-04-11,22394.0
2021-04-12,27269.0
2021-04-13,26561.0
2021-04-14,26452.0
2021-04-15,26888.0
2021-04-16,27679.0
2021-04-17,22666.0
2021-04-18,23910.0
2021-04-19,28030.0
2021-04-20,26607.0
2021-04-21,26386.0
2021-04-22,27610.0
2021-04-23,25710.0
2021-04-24,22105.0
2021-04-25,22637.0
2021-04-26,24974.0
2021-04-27,25633.0
2021-04-28,26305.0
2021-04-29,25769.0
2021-04-30,25713.0
2021-05-01,22146.0
2021-05-02,21293.0
2021-05-03,25028.0
2021-05-04,24600.0
2021-05-05,24675.0
2021-05-06,24547.0
2021-05-07,26027.0
2021-05-08,21890.0
2021-05-09,20399.0
2021-05-10,25315.0
2021-05-11,24752.0
2021-05-12,25891.0
2021-05-13,24183.0
2021-05-14,26312.0
2021-05-15,20905.0
2021-05-16,20983.0
2021-05-17,24730.0
2021-05-18,25060.0
2021-05-19,23297.0
2021-05-20,26015.0
2021-05-21,24171.0
2021-05-22,20677.0
2021-05-23,19711.0
2021-05-24,24258.0
2021-05-25,23653.0
2021-05-26,23308.0
2021-05-27,23524.0
2021-05-28,21159.0
2021-05-29,20359.0
2021-05-30,19969.0
2021-05-31,23537.0
2021-06-01,26400.0
2021-06-02,25112.0
2021-06-03,25145.0
2021-06-04,25658.0
2021-06-05,20858.0
2021-06-06,21459.0
2021-06-07,23643.0
2021-06-08,24303.0
2021-06-09,24804.0
2021-06-10,23852.0
2021-06-11,25515.0
2021-06-12,20684.0
2021-06-13,20470.0
2021-06-14,25505.0
2021-06-15,23455.0
2021-06-16,24457.0
2021-06-17,25580.0
2021-06-18,24495.0
2021-06-19,19118.0
2021-06-20,19246.0
2021-06-21,22699.0
2021-06-22,23959.0
2021-06-23,22704.0
2021-06-24,22446.0
2021-06-25,22226.0
2021-06-26,21749.0
2021-06-27,19446.0
2021-06-28,23219.0
2021-06-29,24083.0
2021-06-30,20572.0
2021-07-01,25437.0
2021-07-02,24452.0
2021-07-03,21115.0
2021-07-04,20214.0
2021-07-05,24137.0
2021-07-06,24381.0
2021-07-07,25218.0
2021-07-08,23590.0
2021-07-09,24416.0
2021-07-10,21705.0
2021-07-11,20390.0
2021-07-12,24582.0
2021-07-13,23812.0
2021-07-14,23600.0
2021-07-15,24622.0
2021-07-16,23880.0
2021-07-17,19295.0
2021-07-18,20835.0
2021-07-19,23398.0
2021-07-20,23569.0
2021-07-21,23920.0
2021-07-22,24398.0
2021-07-23,25565.0
2021-07-24,20654.0
2021-07-25,21865.0
2021-07-26,24303.0
2021-07-27,24520.0
2021-07-28,23584.0
2021-07-29,23710.0
2021-07-30,24493.0
2021-07-31,20784.0
2021-08-01,19396.0
2021-08-02,23299.0
2021-08-03,21300.0
2021-08-04,20509.0
2021-08-05,23673.0
2021-08-06,24754.0
2021-08-07,18863.0
2021-08-08,19424.0
2021-08-09,22491.0
2021-08-10,23307.0
2021-08-11,22209.0
2021-08-12,22422.0
2021-08-13,23194.0
2021-08-14,21056.0
2021-08-15,19973.0
2021-08-16,23104.0
2021-08-17,23194.0
2021-08-18,24139.0
2021-08-19,23030.0
2021-08-20,21427.0
2021-08-21,19397.0
2021-08-22,19189.0
2021-08-23,22949.0
2021-08-24,23767.0
2021-08-25,25586.0
2021-08-26,24363.0
2021-08-27,23589.0
2021-08-28,20182.0
2021-08-29,19943.0
2021-08-30,23343.0
2021-08-31,24155.0
2021-09-01,21152.0
2021-09-02,21662.0
2021-09-03,21997.0
2021-09-04,19502.0
2021-09-05,20410.0
2021-09-06,22393.0
2021-09-07,22841.0
2021-09-08,23432.0
2021-09-09,23801.0
2021-09-10,22530.0
2021-09-11,18509.0
2021-09-12,21212.0
2021-09-13,22460.0
2021-09-14,23815.0
2021-09-15,21806.0
2021-09-16,23053.0
2021-09-17,23859.0
2021-09-18,20106.0
2021-09-19,20575.0
2021-09-20,23261.0
2021-09-21,22426.0
2021-09-22,24771.0
2021-09-23,22896.0
2021-09-24,23570.0
2021-09-25,20692.0
2021-09-26,21274.0
2021-09-27,23168.0
2021-09-28,23167.0
2021-09-29,24324.0
2021-09-30,24725.0
2021-10-01,22688.0
2021-10-02,20047.0
2021-10-03,19554.0
2021-10-04,24610.0
2021-10-05,25682.0
2021-10-06,24685.0
2021-10-07,24166.0
2021-10-08,24427.0
2021-10-09,21095.0
2021-10-10,19290.0
2021-10-11,25528.0
2021-10-12,24031.0
2021-10-13,24904.0
2021-10-14,23889.0
2021-10-15,24650.0
2021-10-16,20933.0
2021-10-17,20715.0
2021-10-18,22651.0
2021-10-19,24916.0
2021-10-20,25348.0
2021-10-21,24441.0
2021-10-22,24717.0
2021-10-23,20344.0
2021-10-24,20739.0
2021-10-25,25840.0
2021-10-26,25411.0
2021-10-27,25993.0
2021-10-28,26189.0
2021-10-29,25338.0
2021-10-30,22156.0
2021-10-31,22233.0
2021-11-01,25950.0
2021-11-02,24885.0
2021-11-03,26449.0
2021-11-04,26413.0
2021-11-05,25563.0
2021-11-06,23193.0
2021-11-07,24249.0
2021-11-08,26199.0
2021-11-09,28996.0
2021-11-10,26062.0
2021-11-11,27362.0
2021-11-12,27333.0
2021-11-13,21983.0
2021-11-14,21689.0
2021-11-15,25881.0
2021-11-16,26401.0
2021-11-17,26238.0
2021-11-18,28366.0
2021-11-19,26695.0
2021-11-20,22793.0
2021-11-21,22301.0
2021-11-22,26161.0
2021-11-23,28246.0
2021-11-24,26115.0
2021-11-25,27292.0
2021-11-26,27118.0
2021-11-27,22503.0
2021-11-28,22527.0
2021-11-29,26339.0
2021-11-30,28987.0
2021-12-01,27594.0
2021-12-02,30267.0
2021-12-03,26511.0
2021-12-04,23938.0
2021-12-05,23604.0
2021-12-06,26906.0
2021-12-07,27840.0
2021-12-08,29288.0
2021-12-09,28246.0
2021-12-10,28613.0
2021-12-11,23579.0
2021-12-12,22938.0
2021-12-13,27498.0
2021-12-14,27826.0
2021-12-15,28929.0
2021-12-16,29569.0
2021-12-17,28665.0
2021-12-18,24968.0
2021-12-19,24324.0
2021-12-20,29087.0
2021-12-21,27048.0
2021-12-22,28554.0
2021-12-23,28663.0
2021-12-24,28053.0
2021-12-25,24127.0
2021-12-26,24993.0
2021-12-27,29159.0
2021-12-28,28035.0
2021-12-29,28624.0
2021-12-30,29908.0
2021-12-31,27305.0
2022-01-01,26124.0
2022-01-02,23616.0
2022-01-03,28459.0
2022-01-04,28680.0
2022-01-05,29643.0
2022-01-06,28266.0
2022-01-07,29638.0
2022-01-08,24699.0
2022-01-09,23953.0
2022-01-10,29382.0
2022-01-11,29324.0
2022-01-12,28757.0
2022-01-13,28998.0
2022-01-14,27892.0
2022-01-15,24521.0
2022-01-16,22229.0
2022-01-17,28534.0
2022-01-18,27948.0
2022-01-19,29331.0
2022-01-20,29143.0
2022-01-21,27827.0
2022-01-22,24286.0
2022-01-23,23320.0
2022-01-24,28790.0
2022-01-25,28161.0
2022-01-26,28850.0
2022-01-27,27785.0
2022-01-28,28737.0
2022-01-29,24002.0
2022-01-30,23587.0
2022-01-31,27823.0
2022-02-01,26792.0
2022-02-02,27086.0
2022-02-03,28673.0
2022-02-04,28506.0
2022-02-05,23876.0
2022-02-06,24722.0
2022-02-07,27479.0
2022-02-08,27619.0
2022-02-09,28705.0
2022-02-10,28741.0
2022-02-11,28000.0
2022-02-12,24531.0
2022-02-13,23276.0
2022-02-14,27385.0
2022-02-15,25777.0
2022-02-16,28844.0
2022-02-17,28048.0
2022-02-18,28078.0
2022-02-19,23598.0
2022-02-20,23292.0
2022-02-21,27157.0
2022-02-22,27228.0
2022-02-23,26815.0
2022-02-24,26462.0
2022-02-25,28199.0
2022-02-26,23217.0
2022-02-27,24466.0
2022-02-28,25955.0
2022-03-01,26617.0
2022-03-02,26945.0
2022-03-03,26388.0
2022-03-04,26344.0
2022-03-05,23842.0
2022-03-06,20769.0
2022-03-07,25760.0
2022-03-08,26167.0
2022-03-09,26492.0
2022-03-10,25578.0
2022-03-11,26462.0
2022-03-12,22297.0
2022-03-13,23159.0
2022-03-14,26539.0
2022-03-15,25110.0
2022-03-16,25232.0
2022-03-17,26309.0
2022-03-18,24510.0
2022-03-19,20260.0
2022-03-20,22068.0
2022-03-21,25062.0
2022-03-22,24987.0
2022-03-23,24906.0
2022-03-24,24725.0
2022-03-25,23824.0
2022-03-26,20738.0
2022-03-27,21306.0
2022-03-28,24632.0
2022-03-29,23006.0
2022-03-30,24301.0
2022-03-31,24542.0
2022-04-01,23185.0
2022-04-02,19952.0
2022-04-03,19957.0
2022-04-04,24729.0
2022-04-05,23098.0
2022-04-06,23627.0
2022-04-07,23313.0
2022-04-08,23901.0
2022-04-09,20454.0
2022-04-10,19965.0
2022-04-11,23342.0
2022-04-12,22616.0
2022-04-13,22992.0
2022-04-14,24047.0
2022-04-15,22475.0
2022-04-16,20984.0
2022-04-17,19840.0
2022-04-18,22414.0
2022-04-19,22688.0
2022-04-20,22425.0
2022-04-21,23319.0
2022-04-22,22785.0
2022-04-23,20253.0
2022-04-24,18970.0
2022-04-25,24214.0
2022-04-26,22808.0
2022-04-27,21348.0
2022-04-28,21673.0
2022-04-29,22567.0
2022-04-30,18958.0
2022-05-01,19529.0
2022-05-02,22587.0
2022-05-03,22502.0
2022-05-04,21753.0
2022-05-05,23025.0
2022-05-06,23688.0
2022-05-07,18241.0
2022-05-08,18461.0
2022-05-09,23315.0
2022-05-10,20323.0
2022-05-11,22685.0
2022-05-12,21293.0
2022-05-13,21936.0
2022-05-14,18263.0
2022-05-15,19061.0
2022-05-16,19674.0
2022-05-17,21700.0
2022-05-18,19232.0
2022-05-19,20132.0
2022-05-20,20434.0
2022-05-21,17728.0
2022-05-22,18799.0
2022-05-23,20326.0
2022-05-24,20182.0
2022-05-25,20503.0
2022-05-26,19328.0
2022-05-27,20342.0
2022-05-28,15834.0
2022-05-29,17931.0
2022-05-30,20529.0
2022-05-31,18911.0
2022-06-01,22262.0
2022-06-02,21673.0
2022-06-03,21249.0
2022-06-04,19294.0
2022-06-05,18446.0
2022-06-06,21570.0
2022-06-07,22081.0
2022-06-08,21140.0
2022-06-09,21925.0
2022-06-10,21255.0
2022-06-11,16323.0
2022-06-12,18168.0
2022-06-13,19699.0
2022-06-14,19473.0
2022-06-15,20173.0
2022-06-16,20038.0
2022-06-17,20160.0
2022-06-18,16328.0
2022-06-19,17243.0
2022-06-20,20834.0
2022-06-21,20644.0
2022-06-22,21951.0
2022-06-23,19969.0
2022-06-24,20627.0
2022-06-25,16371.0
2022-06-26,18312.0
2022-06-27,21680.0
2022-06-28,19733.0
2022-06-29,19050.0
2022-06-30,20207.0
2022-07-01,21954.0
2022-07-02,18146.0
2022-07-03,18943.0
2022-07-04,20377.0
2022-07-05,19158.0
2022-07-06,21773.0
2022-07-07,20508.0
2022-07-08,21114.0
2022-07-09,17790.0
2022-07-10,16794.0
2022-07-11,21814.0
2022-07-12,19486.0
2022-07-13,20397.0
2022-07-14,20421.0
2022-07-15,20326.0
2022-07-16,19026.0
2022-07-17,17881.0
2022-07-18,21529.0
2022-07-19,20290.0
2022-07-20,20249.0
2022-07-21,21915.0
2022-07-22,21685.0
2022-07-23,17961.0
2022-07-24,18309.0
2022-07-25,22365.0
2022-07-26,19930.0
2022-07-27,20299.0
2022-07-28,22552.0
2022-07-29,21118.0
2022-07-30,18638.0
2022-07-31,17662.0
2022-08-01,18972.0
2022-08-02,20450.0
2022-08-03,19959.0
2022-08-04,19863.0
2022-08-05,21002.0
2022-08-06,17040.0
2022-08-07,17072.0
2022-08-08,20633.0
2022-08-09,20641.0
2022-08-10,20055.0
2022-08-11,19866.0
2022-08-12,20888.0
2022-08-13,17009.0
2022-08-14,18960.0
2022-08-15,20844.0
2022-08-16,21693.0
2022-08-17,20884.0
2022-08-18,21546.0
2022-08-19,20727.0
2022-08-20,18341.0
2022-08-21,17505.0
2022-08-22,19544.0
2022-08-23,19628.0
2022-08-24,21441.0
2022-08-25,20982.0
2022-08-26,21797.0
2022-08-27,16708.0
2022-08-28,19071.0
2022-08-29,21764.0
2022-08-30,21140.0
2022-08-31,23177.0
2022-09-01,19332.0
2022-09-02,19955.0
2022-09-03,18284.0
2022-09-04,19087.0
2022-09-05,20364.0
2022-09-06,19647.0
2022-09-07,20253.0
2022-09-08,21871.0
2022-09-09,21018.0
2022-09-10,17390.0
2022-09-11,17415.0
2022-09-12,20439.0
2022-09-13,20635.0
2022-09-14,21578.0
2022-09-15,21905.0
2022-09-16,20961.0
2022-09-17,18051.0
2022-09-18,20138.0
2022-09-19,21157.0
2022-09-20,21607.0
2022-09-21,22982.0
2022-09-22,22167.0
2022-09-23,21646.0
2022-09-24,18345.0
2022-09-25,18762.0
2022-09-26,22084.0
2022-09-27,22323.0
2022-09-28,23543.0
2022-09-29,21968.0
2022-09-30,22836.0
2022-10-01,19924.0
2022-10-02,20316.0
2022-10-03,22856.0
2022-10-04,22128.0
2022-10-05,22749.0
2022-10-06,23231.0
2022-10-07,23026.0
2022-10-08,20223.0
2022-10-09,18771.0
2022-10-10,22824.0
2022-10-11,23913.0
2022-10-12,24793.0
2022-10-13,23355.0
2022-10-14,24345.0
2022-10-15,19623.0
2022-10-16,19775.0
2022-10-17,24352.0
2022-10-18,23722.0
2022-10-19,24088.0
2022-10-20,24395.0
2022-10-21,25077.0
2022-10-22,20532.0
2022-10-23,21625.0
2022-10-24,24737.0
2022-10-25,25618.0
2022-10-26,25636.0
2022-10-27,24941.0
2022-10-28,25649.0
2022-10-29,22043.0
2022-10-30,22814.0
2022-10-31,26150.0
2022-11-01,24879.0
2022-11-02,24027.0
2022-11-03,25955.0
2022-11-04,25341.0
2022-11-05,21221.0
2022-11-06,22082.0
2022-11-07,26158.0
2022-11-08,26480.0
2022-11-09,25558.0
2022-11-10,26084.0
2022-11-11,27821.0
2022-11-12,23710.0
2022-11-13,22051.0
2022-11-14,27551.0
2022-11-15,26104.0
2022-11-16,25527.0
2022-11-17,26626.0
2022-11-18,27356.0
2022-11-19,23472.0
2022-11-20,22819.0
2022-11-21,26773.0
2022-11-22,28195.0
2022-11-23,27426.0
2022-11-24,28679.0
2022-11-25,26067.0
2022-11-26,24267.0
2022-11-27,23913.0
2022-11-28,28275.0
2022-11-29,26974.0
2022-11-30,28621.0
2022-12-01,27268.0
2022-12-02,26639.0
2022-12-03,24190.0
2022-12-04,24327.0
2022-12-05,28761.0
2022-12-06,28474.0
2022-12-07,29774.0
2022-12-08,29435.0
2022-12-09,27424.0
2022-12-10,22848.0
2022-12-11,24141.0
2022-12-12,29883.0
2022-12-13,28454.0
2022-12-14,30001.0
2022-12-15,28731.0
2022-12-16,29294.0
2022-12-17,23983.0
2022-12-18,26002.0
2022-12-19,29789.0
2022-12-20,29746.0
2022-12-21,28672.0
2022-12-22,30148.0
2022-12-23,27417.0
2022-12-24,25394.0
2022-12-25,24048.0
2022-12-26,29241.0
2022-12-27,31084.0
2022-12-28,28121.0
2022-12-29,29561.0
2022-12-30,29855.0
2022-12-31,26212.0
2023-01-01,25154.0
2023-01-02,30239.0
2023-01-03,27814.0
2023-01-04,29045.0
2023-01-05,29921.0
2023-01-06,29483.0
2023-01-07,25012.0
2023-01-08,25914.0
2023-01-09,30013.0
2023-01-10,30090.0
2023-01-11,30681.0
2023-01-12,31012.0
2023-01-13,31424.0
2023-01-14,25722.0
2023-01-15,25645.0
2023-01-16,30000.0
2023-01-17,29796.0
2023-01-18,30068.0
2023-01-19,30452.0
2023-01-20,29113.0
2023-01-21,26432.0
2023-01-22,25657.0
2023-01-23,30290.0
2023-01-24,31323.0
2023-01-25,29866.0
2023-01-26,29825.0
2023-01-27,28905.0
2023-01-28,26121.0
2023-01-29,25216.0
2023-01-30,30824.0
2023-01-31,30840.0
2023-02-01,30508.0
2023-02-02,29392.0
2023-02-03,29840.0
2023-02-04,25813.0
2023-02-05,26635.0
2023-02-06,30331.0
2023-02-07,30726.0
2023-02-08,30702.0
2023-02-09,30404.0
2023-02-10,29207.0
2023-02-11,24670.0
2023-02-12,25963.0
2023-02-13,29419.0
2023-02-14,30592.0
2023-02-15,29972.0
2023-02-16,30188.0
2023-02-17,28783.0
2023-02-18,24095.0
2023-02-19,24611.0
2023-02-20,28716.0
2023-02-21,30479.0
2023-02-22,30050.0
2023-02-23,29519.0
2023-02-24,29473.0
2023-02-25,26290.0
2023-02-26,23091.0
2023-02-27,29850.0
2023-02-28,27918.0
2023-03-01,30191.0
2023-03-02,29172.0
2023-03-03,28246.0
2023-03-04,24197.0
2023-03-05,24486.0
2023-03-06,27953.0
2023-03-07,28362.0
2023-03-08,29859.0
2023-03-09,29006.0
2023-03-10,27702.0
2023-03-11,24481.0
2023-03-12,23284.0
2023-03-13,28472.0
2023-03-14,28677.0
2023-03-15,28617.0
2023-03-16,28925.0
2023-03-17,27143.0
2023-03-18,23057.0
2023-03-19,23058.0
2023-03-20,27854.0
2023-03-21,27599.0
2023-03-22,29110.0
2023-03-23,28980.0
2023-03-24,27072.0
2023-03-25,23892.0
2023-03-26,23346.0
2023-03-27,27265.0
2023-03-28,28813.0
2023-03-29,27610.0
2023-03-30,28047.0
2023-03-31,27584.0
2023-04-01,22529.0
2023-04-02,24477.0
2023-04-03,27469.0
2023-04-04,27550.0
2023-04-05,27135.0
2023-04-06,27479.0
2023-04-07,27433.0
2023-04-08,21884.0
2023-04-09,22722.0
2023-04-10,26919.0
2023-04-11,26638.0
2023-04-12,25621.0
2023-04-13,26830.0
2023-04-14,27430.0
2023-04-15,21171.0
2023-04-16,22518.0
2023-04-17,25885.0
2023-04-18,26305.0
2023-04-19,26297.0
2023-04-20,26706.0
2023-04-21,25981.0
2023-04-22,21309.0
2023-04-23,22730.0
2023-04-24,22998.0
2023-04-25,26655.0
2023-04-26,25607.0
2023-04-27,26542.0
2023-04-28,24237.0
2023-04-29,22125.0
2023-04-30,20643.0
2023-05-01,25035.0
2023-05-02,26345.0
2023-05-03,25093.0
2023-05-04,25378.0
2023-05-05,24961.0
2023-05-06,22016.0
2023-05-07,20867.0
2023-05-08,23864.0
2023-05-09,26315.0
2023-05-10,24079.0
2023-05-11,24687.0
2023-05-12,25839.0
2023-05-13,20936.0
2023-05-14,21154.0
2023-05-15,22446.0
2023-05-16,23600.0
2023-05-17,24721.0
2023-05-18,23288.0
2023-05-19,25361.0
2023-05-20,20280.0
2023-05-21,21874.0
2023-05-22,23304.0
2023-05-23,24447.0
2023-05-24,24510.0
2023-05-25,25393.0
2023-05-26,22576.0
2023-05-27,19205.0
2023-05-28,21204.0
2023-05-29,24002.0
2023-05-30,23438.0
2023-05-31,24823.0
2023-06-01,23752.0
2023-06-02,24312.0
2023-06-03,22392.0
2023-06-04,22113.0
2023-06-05,25784.0
2023-06-06,24267.0
2023-06-07,23933.0
2023-06-08,24440.0
2023-06-09,25217.0
2023-06-10,21338.0
2023-06-11,21566.0
2023-06-12,23966.0
2023-06-13,24437.0
2023-06-14,24273.0
2023-06-15,24915.0
2023-06-16,25666.0
2023-06-17,20683.0
2023-06-18,21349.0
2023-06-19,25919.0
2023-06-20,24719.0
2023-06-21,23445.0
2023-06-22,22093.0
2023-06-23,23291.0
2023-06-24,20551.0
2023-06-25,19598.0
2023-06-26,24227.0
2023-06-27,23476.0
2023-06-28,23379.0
2023-06-29,22906.0
2023-06-30,24589.0
2023-07-01,21628.0
2023-07-02,23920.0
2023-07-03,24472.0
2023-07-04,25566.0
2023-07-05,23950.0
2023-07-06,25274.0
2023-07-07,23508.0
2023-07-08,20565.0
2023-07-09,22539.0
2023-07-10,24972.0
2023-07-11,26339.0
2023-07-12,24541.0
2023-07-13,26166.0
2023-07-14,24159.0
2023-07-15,20612.0
2023-07-16,20856.0
2023-07-17,23676.0
2023-07-18,24567.0
2023-07-19,24708.0
2023-07-20,24132.0
2023-07-21,24122.0
2023-07-22,21130.0
2023-07-23,21960.0
2023-07-24,25808.0
2023-07-25,23485.0
2023-07-26,24339.0
2023-07-27,25626.0
2023-07-28,24696.0
2023-07-29,20819.0
2023-07-30,21663.0
2023-07-31,25173.0
2023-08-01,24583.0
2023-08-02,23213.0
2023-08-03,25073.0
2023-08-04,24981.0
2023-08-05,20700.0
2023-08-06,21070.0
2023-08-07,23363.0
2023-08-08,23916.0
2023-08-09,23277.0
2023-08-10,23788.0
2023-08-11,25173.0
2023-08-12,20554.0
2023-08-13,19665.0
2023-08-14,23270.0
2023-08-15,24054.0
2023-08-16,25011.0
2023-08-17,25457.0
2023-08-18,24729.0
2023-08-19,20511.0
2023-08-20,19932.0
2023-08-21,24625.0
2023-08-22,24223.0
2023-08-23,24283.0
2023-08-24,25430.0
2023-08-25,24084.0
2023-08-26,20333.0
2023-08-27,21286.0
2023-08-28,25474.0
2023-08-29,25630.0
2023-08-30,23842.0
2023-08-31,24290.0
2023-09-01,24001.0
2023-09-02,20284.0
2023-09-03,21758.0
2023-09-04,23601.0
2023-09-05,24969.0
2023-09-06,24168.0
2023-09-07,25008.0
2023-09-08,24855.0
2023-09-09,20464.0
2023-09-10,21391.0
2023-09-11,25213.0
2023-09-12,26196.0
2023-09-13,25424.0
2023-09-14,24650.0
2023-09-15,25256.0
2023-09-16,22042.0
2023-09-17,20689.0
2023-09-18,27715.0
2023-09-19,24644.0
2023-09-20,24477.0
2023-09-21,26105.0
2023-09-22,26645.0
2023-09-23,22116.0
2023-09-24,21270.0
2023-09-25,27890.0
2023-09-26,26503.0
2023-09-27,25569.0
2023-09-28,26435.0
2023-09-29,26445.0
2023-09-30,21896.0
2023-10-01,21066.0
2023-10-02,26786.0
2023-10-03,25978.0
2023-10-04,26825.0
2023-10-05,27292.0
2023-10-06,26236.0
2023-10-07,22909.0
2023-10-08,21789.0
2023-10-09,26092.0
2023-10-10,26174.0
2023-10-11,27450.0
2023-10-12,27789.0
2023-10-13,26995.0
2023-10-14,22330.0
2023-10-15,22094.0
2023-10-16,27768.0
2023-10-17,27936.0
2023-10-18,26577.0
2023-10-19,25397.0
2023-10-20,26961.0
2023-10-21,23687.0
2023-10-22,23170.0
2023-10-23,27521.0
2023-10-24,27609.0
2023-10-25,26547.0
2023-10-26,26929.0
2023-10-27,27959.0
2023-10-28,23845.0
2023-10-29,22576.0
2023-10-30,29922.0
2023-10-31,27599.0
2023-11-01,29162.0
2023-11-02,27682.0
2023-11-03,28019.0
2023-11-04,24448.0
2023-11-05,23053.0
2023-11-06,28364.0
2023-11-07,28579.0
2023-11-08,29345.0
2023-11-09,28501.0
2023-11-10,28042.0
2023-11-11,25433.0
2023-11-12,24932.0
2023-11-13,28667.0
2023-11-14,28570.0
2023-11-15,28909.0
2023-11-16,28917.0
2023-11-17,29104.0
2023-11-18,24455.0
2023-11-19,25256.0
2023-11-20,30307.0
2023-11-21,29998.0
2023-11-22,28151.0
2023-11-23,29948.0
2023-11-24,30658.0
2023-11-25,26352.0
2023-11-26,25850.0
2023-11-27,29208.0
2023-11-28,29132.0
2023-11-29,31441.0
2023-11-30,30542.0
2023-12-01,29597.0
2023-12-02,25853.0
2023-12-03,26701.0
2023-12-04,29335.0
2023-12-05,29044.0
2023-12-06,28977.0
2023-12-07,30049.0
2023-12-08,30531.0
2023-12-09,24913.0
2023-12-10,26398.0
2023-12-11,29643.0
2023-12-12,30769.0
2023-12-13,30064.0
2023-12-14,30544.0
2023-12-15,29892.0
2023-12-16,25586.0
2023-12-17,25826.0
2023-12-18,32039.0
2023-12-19,32638.0
2023-12-20,30108.0
2023-12-21,30716.0
2023-12-22,31253.0
2023-12-23,28149.0
2023-12-24,25399.0
2023-12-25,30199.0
2023-12-26,30293.0
2023-12-27,30812.0
2023-12-28,30363.0
2023-12-29,29531.0
2023-12-30,26022.0
2023-12-31,27688.0
